Model,Test Accuracy
ANN,0.9934640522875817
SVM,0.9150326797385621
